data,pedidos,faturamento,historico_clientes_ativos_28d,historico_clientes_repetiram_28d,historico_frequencia_28d,historico_ticket_28d
2026-01-01,29,10.382783,0,0,0.0,0.0
2026-01-02,21,8.355042,28,1,1.0357142857142858,100.0
2026-01-03,23,6.186486,49,1,1.020408163265306,104.672694
2026-01-04,20,5.489451,69,4,1.0579710144927537,96.688517
2026-01-09,10,3.365486,85,8,1.0941176470588236,92.33504
2026-01-10,23,7.890352,92,10,1.1195652173913044,92.49836
2026-01-11,18,4.886292,110,14,1.1454545454545455,93.109403
2026-01-15,12,3.912319,122,18,1.180327868852459,92.223109
2026-01-16,14,4.44507,132,19,1.181818181818182,92.132043
2026-01-17,19,5.73353,142,20,1.1971830985915493,91.842806
2026-01-18,19,5.052923,151,26,1.2516556291390728,91.070821
2026-01-22,15,6.315567,163,31,1.2760736196319018,90.396538
2026-01-23,8,2.128658,171,36,1.304093567251462,92.268299
2026-01-24,21,7.104133,173,38,1.3352601156069364,91.632927
2026-01-25,19,4.998944,185,43,1.3621621621621622,91.875654
2026-01-29,12,3.907625,192,47,1.4114583333333333,90.903903
2026-01-30,14,4.257317,175,48,1.4514285714285715,89.842611
2026-01-31,21,5.588021,170,47,1.4529411764705882,87.703061
2026-02-01,22,7.003215,165,49,1.4848484848484849,87.737578
2026-02-02,6,1.854068,168,49,1.4702380952380951,88.763853
2026-02-04,4,1.605295,173,49,1.46242774566474,88.704234
2026-02-05,13,3.257528,174,50,1.4770114942528736,89.076965
2026-02-06,21,6.991481,178,53,1.5168539325842696,88.809823
2026-02-07,20,6.083222,184,53,1.5271739130434785,88.94119
2026-02-08,14,4.935061,183,50,1.5191256830601092,88.059993
2026-02-12,10,2.797531,178,54,1.5393258426966292,88.767984
2026-02-13,17,5.003638,175,53,1.5542857142857145,88.264849
2026-02-14,14,4.956699,177,54,1.5536723163841808,88.188293
2026-02-15,11,3.468751,172,56,1.569767441860465,89.039874
2026-02-19,11,3.475791,170,53,1.5411764705882354,89.396942
2026-02-20,22,5.949447,167,49,1.5449101796407183,87.675259
2026-02-21,24,7.514844,177,55,1.536723163841808,88.064468
2026-02-22,19,6.285057,175,54,1.5714285714285714,87.504624
2026-02-25,8,2.109414,177,54,1.5536723163841808,88.518496
2026-02-26,11,3.424159,180,57,1.5722222222222222,88.087443
2026-02-27,23,7.167969,178,56,1.5842696629213484,88.237584
2026-02-28,18,5.672041,180,61,1.6166666666666667,88.304128
2026-03-01,16,4.479335,185,58,1.5567567567567568,89.65425
2026-03-04,7,2.035908,180,53,1.5333333333333334,89.103885
2026-03-05,11,3.235701,181,54,1.5414364640883975,88.559301
2026-03-06,28,8.606961,180,57,1.538888888888889,88.865855
2026-03-07,32,9.626229,180,59,1.5777777777777775,88.246857
2026-03-08,27,6.348002,188,62,1.574468085106383,88.005988
2026-03-11,8,2.280222,196,64,1.576530612244898,86.088198
2026-03-12,9,2.590157,200,65,1.585,85.919403
2026-03-13,27,8.232439,201,64,1.572139303482587,86.0109
2026-03-14,13,3.877115,206,68,1.5825242718446602,85.87119
2026-03-15,17,4.747354,204,72,1.593137254901961,85.188703
2026-03-19,17,5.032974,204,72,1.6225490196078431,84.710419
2026-03-20,19,6.279941,208,74,1.6201923076923077,84.486858
2026-03-21,27,7.933207,210,67,1.5904761904761904,84.76829
2026-03-22,24,7.261424,218,64,1.5458715596330277,85.124547
2026-03-26,5,1.152057,216,66,1.5462962962962965,85.462482
2026-03-27,18,6.922951,215,62,1.5255813953488373,84.810579
2026-03-28,31,11.572391,217,56,1.4884792626728112,85.946735
2026-03-29,25,7.851017,219,59,1.5342465753424657,87.04069
2026-03-31,5,1.933394,226,59,1.5265486725663715,87.510641
2026-04-01,15,4.712854,229,61,1.5283842794759823,87.810232
2026-04-02,21,7.304325,235,62,1.523404255319149,87.93941
2026-04-03,17,7.032035,237,68,1.5527426160337552,88.407742
2026-04-04,28,11.031331,241,63,1.4813278008298756,89.929442
2026-04-05,15,5.05236,237,64,1.489451476793249,92.103358
2026-04-08,12,4.455631,230,64,1.482608695652174,93.767494
2026-04-09,11,3.312821,230,65,1.5,94.451436
2026-04-10,15,4.638832,231,67,1.5021645021645025,94.489282
2026-04-11,19,5.743904,223,65,1.5022421524663676,94.883665
2026-04-12,20,5.199606,225,65,1.5155555555555555,94.741129
2026-04-14,9,3.279401,231,62,1.4891774891774892,94.554252
2026-04-15,8,3.094886,234,63,1.5085470085470083,94.741504
2026-04-16,15,5.115257,241,63,1.4979253112033195,95.041493
2026-04-17,20,6.013424,243,63,1.477366255144033,95.916797
2026-04-18,29,9.099486,247,63,1.45748987854251,95.434199
2026-04-19,21,6.007416,247,66,1.465587044534413,95.277378
2026-04-23,16,4.163909,249,67,1.4417670682730923,94.827518
2026-04-24,24,8.671173,254,68,1.4566929133858268,94.27597
2026-04-25,22,6.933089,254,74,1.4803149606299213,94.068006
2026-04-26,19,7.503204,247,74,1.48582995951417,93.34488
2026-04-28,9,2.561243,248,71,1.4556451612903225,94.648886
2026-04-29,12,3.288883,252,71,1.4484126984126984,94.345581
2026-04-30,21,7.730057,251,65,1.4422310756972112,94.022508
2026-05-01,34,9.23204,249,70,1.4538152610441768,94.357468
2026-05-02,32,11.78934,256,72,1.48046875,93.455839
2026-05-03,25,6.913281,261,72,1.4674329501915708,93.269292
2026-05-06,15,4.108052,263,75,1.494296577946768,92.421408
2026-05-07,10,3.340233,267,77,1.4831460674157304,91.436287
2026-05-08,29,8.936985,271,74,1.4575645756457565,91.697745
2026-05-09,32,11.576099,281,76,1.4555160142348755,91.719276
2026-05-10,32,10.858457,287,83,1.470383275261324,92.797378
2026-05-13,11,2.797484,287,88,1.480836236933798,93.514765
2026-05-14,18,5.586989,288,89,1.4861111111111112,92.632214
2026-05-15,16,5.788542,292,86,1.476027397260274,92.058247
2026-05-16,35,11.887535,287,85,1.4878048780487805,92.799561
2026-05-17,23,7.802483,294,86,1.4727891156462585,93.330491
2026-05-19,11,3.460255,293,84,1.484641638225256,93.856348
2026-05-20,15,5.422141,296,87,1.5067567567567568,93.703707
2026-05-21,18,6.327114,304,89,1.5164473684210529,93.947319
2026-05-22,23,7.853364,308,89,1.5032467532467533,95.08628
2026-05-23,31,11.08226,304,92,1.519736842105263,94.787992
2026-05-24,30,10.309324,302,100,1.5596026490066226,95.24974
2026-05-26,11,3.796052,303,104,1.5907590759075907,94.685694
2026-05-27,10,3.237063,301,105,1.6079734219269104,94.814857
2026-05-28,10,3.173367,304,105,1.5855263157894737,95.188323
2026-05-29,28,11.957755,300,106,1.57,94.695636
2026-05-30,41,14.833674,294,102,1.5816326530612246,96.147967
2026-05-31,24,7.282311,300,108,1.58,95.910928
2026-06-02,6,2.140628,297,108,1.5925925925925926,96.542395
2026-06-03,21,7.109812,301,109,1.5913621262458473,96.581805
2026-06-05,37,14.919524,301,106,1.5780730897009967,97.203956
2026-06-06,32,11.103147,309,103,1.5631067961165048,98.869518
2026-06-07,27,8.603065,305,101,1.5836065573770493,98.799854
2026-06-10,12,2.967824,305,99,1.5672131147540984,98.511822
2026-06-12,34,11.991645,297,94,1.552188552188552,98.867393
2026-06-13,32,10.853529,303,104,1.5808580858085808,98.767956
2026-06-14,22,5.101739,304,105,1.5657894736842106,98.783907
2026-06-17,8,2.299045,300,103,1.5466666666666666,98.474927
2026-06-19,23,10.218968,289,96,1.519031141868512,97.832773
2026-06-20,33,11.273205,286,101,1.534965034965035,99.600992
2026-06-21,27,8.755897,297,96,1.4848484848484849,99.493391
2026-06-24,22,8.263982,296,88,1.4425675675675675,99.489163
2026-06-25,14,4.038583,304,90,1.444078947368421,100.451916
2026-06-26,24,9.257669,302,92,1.466887417218543,100.312445
2026-06-27,25,8.778427,301,89,1.458471760797342,99.480116
2026-06-28,17,5.35239,287,87,1.4738675958188154,99.235998
2026-07-02,14,4.759088,270,79,1.4407407407407409,100.175648
2026-07-03,21,8.007698,278,82,1.4496402877697845,99.986488
2026-07-04,36,10.982656,267,80,1.449438202247191,99.362807
2026-07-05,17,5.942876,266,83,1.4699248120300752,97.948225
2026-07-08,18,4.854843,266,77,1.4323308270676691,98.596085
2026-07-09,30,10.004459,266,80,1.454887218045113,98.688193
2026-07-10,31,10.351804,280,88,1.4892857142857143,99.015019
2026-07-11,25,8.525898,271,95,1.5276752767527677,98.606449
2026-07-12,22,7.120092,268,88,1.5186567164179106,98.455706
2026-07-15,10,3.732545,261,90,1.559386973180077,98.889176
2026-07-17,17,5.560375,261,93,1.567049808429119,99.403416
2026-07-18,31,11.106104,260,88,1.55,97.336146
2026-07-19,20,6.603769,257,86,1.5603112840466926,97.466722
2026-07-22,7,2.341759,250,85,1.576,97.424033
2026-07-23,3,0.851933,243,82,1.559670781893004,96.373586
2026-07-24,25,9.625666,239,78,1.5397489539748954,96.578814
2026-07-25,43,15.716867,240,74,1.5375,96.596053
2026-07-26,22,5.743857,247,79,1.5668016194331984,97.123134
2026-07-27,2,0.0,249,78,1.57429718875502,95.641259
2026-07-29,14,4.443662,249,78,1.5783132530120485,95.641259
2026-07-30,16,5.523246,254,81,1.6023622047244095,95.635773
2026-07-31,16,4.2775,251,84,1.6294820717131475,95.691183
2026-08-01,36,14.315755,248,82,1.6290322580645162,94.026761
2026-08-02,30,10.837147,250,84,1.616,96.621671
2026-08-05,11,3.449037,261,82,1.5977011494252873,96.893559
2026-08-06,19,5.896407,259,78,1.583011583011583,97.362981
2026-08-07,43,16.394658,253,73,1.5770750988142292,96.673038
2026-08-08,25,10.458354,260,82,1.5807692307692307,97.976111
2026-08-09,31,10.952616,262,79,1.568702290076336,99.308831
2026-08-10,13,4.931822,275,81,1.5272727272727271,99.735587
2026-08-12,13,5.472083,283,85,1.530035335689046,99.925136
2026-08-13,11,4.229623,284,88,1.5352112676056338,100.357909
2026-08-14,27,10.97186,288,92,1.5520833333333333,100.533494
2026-08-15,24,10.241029,292,97,1.5650684931506849,101.655754
2026-08-16,25,8.098758,293,91,1.5358361774744027,102.48342
2026-08-17,5,1.04438,298,95,1.5268456375838926,102.272634
2026-08-19,10,3.627403,300,96,1.5333333333333334,102.014074
2026-08-20,12,4.492947,305,92,1.518032786885246,102.354125
2026-08-21,25,9.608299,311,94,1.517684887459807,102.560102
2026-08-22,29,11.105635,308,93,1.5324675324675323,102.54967
2026-08-23,24,8.070595,297,91,1.5420875420875422,103.105867
2026-08-24,20,7.124786,303,88,1.518151815181518,103.857656
2026-08-26,16,5.054801,313,95,1.5303514376996803,103.673428
2026-08-27,11,3.491281,316,93,1.5221518987341771,103.814827
2026-08-28,31,11.534183,313,94,1.5207667731629393,104.379147
2026-08-29,33,12.418973,316,99,1.5537974683544304,105.777737
2026-08-30,21,6.12312,316,101,1.5443037974683544,105.553155
2026-09-01,14,5.610552,314,97,1.5254777070063694,104.991571
2026-09-02,14,4.660001,323,99,1.5263157894736843,105.194479
2026-09-03,22,6.657889,323,101,1.5356037151702786,105.24147
2026-09-04,32,12.419442,325,104,1.5353846153846151,105.029024
2026-09-05,23,8.36673,318,103,1.5345911949685536,105.346226
2026-09-06,26,10.340398,318,101,1.528301886792453,105.223411
2026-09-09,19,5.61027,308,100,1.5194805194805194,106.227302
2026-09-10,8,3.005656,311,102,1.5241157556270095,104.911331
2026-09-11,20,7.122861,310,102,1.5193548387096774,104.851308
2026-09-12,43,13.687155,310,98,1.4967741935483871,104.319218
2026-09-13,28,9.586989,324,97,1.4907407407407407,103.007114
2026-09-15,19,0.539792,324,93,1.4845679012345678,103.956659
2026-09-16,16,0.112652,331,97,1.5105740181268883,104.059092
2026-09-17,13,0.0,338,97,1.4970414201183433,103.726738
2026-09-18,30,1.065409,340,98,1.491176470588235,103.703402
2026-09-19,37,0.0,345,100,1.4840579710144928,103.451288
2026-09-20,35,1.588209,353,104,1.473087818696884,102.920893
2026-09-22,11,3.251426,343,104,1.489795918367347,102.942246
2026-09-23,15,4.180807,347,108,1.5043227665706052,102.605381
2026-09-24,13,0.530123,348,108,1.4971264367816093,101.927287
2026-09-25,32,0.779131,350,107,1.4942857142857142,101.318493
2026-09-26,40,0.896477,350,103,1.497142857142857,100.191367
2026-09-27,24,0.0,361,100,1.4709141274238229,98.814791
