data,semana,mes,pedidos,pedidos_concluidos,taxa_conclusao,indice_faturamento,pontos_ticket_indice
2026-01-01,2025-12-29,2026-01,29,29,100.0,10.383,3229.034
2026-01-02,2025-12-29,2026-01,21,21,100.0,8.355,2598.414
2026-01-03,2025-12-29,2026-01,23,22,95.7,6.186,1923.988
2026-01-04,2025-12-29,2026-01,20,20,100.0,5.489,1707.22
2026-01-09,2026-01-05,2026-01,10,10,100.0,3.365,1046.67
2026-01-10,2026-01-05,2026-01,23,23,100.0,7.89,2453.893
2026-01-11,2026-01-05,2026-01,18,16,88.9,4.886,1519.632
2026-01-15,2026-01-12,2026-01,12,12,100.0,3.912,1216.728
2026-01-16,2026-01-12,2026-01,14,14,100.0,4.445,1382.416
2026-01-17,2026-01-12,2026-01,19,19,100.0,5.734,1783.131
2026-01-18,2026-01-12,2026-01,19,17,89.5,5.053,1571.463
2026-01-22,2026-01-19,2026-01,15,15,100.0,6.316,1964.145
2026-01-23,2026-01-19,2026-01,8,8,100.0,2.129,662.016
2026-01-24,2026-01-19,2026-01,21,21,100.0,7.104,2209.389
2026-01-25,2026-01-19,2026-01,19,18,94.7,4.999,1554.678
2026-01-29,2026-01-26,2026-01,12,12,100.0,3.908,1215.276
2026-01-30,2026-01-26,2026-01,14,14,100.0,4.257,1324.022
2026-01-31,2026-01-26,2026-01,21,20,95.2,5.588,1737.88
2026-02-01,2026-01-26,2026-02,22,22,100.0,7.003,2178.0
2026-02-02,2026-02-02,2026-02,6,6,100.0,1.854,576.618
2026-02-04,2026-02-02,2026-02,4,4,100.0,1.605,499.248
2026-02-05,2026-02-02,2026-02,13,11,84.6,3.258,1013.089
2026-02-06,2026-02-02,2026-02,21,21,100.0,6.991,2174.34
2026-02-07,2026-02-02,2026-02,20,20,100.0,6.083,1891.88
2026-02-08,2026-02-02,2026-02,14,14,100.0,4.935,1534.806
2026-02-12,2026-02-09,2026-02,10,10,100.0,2.798,870.03
2026-02-13,2026-02-09,2026-02,17,16,94.1,5.004,1556.128
2026-02-14,2026-02-09,2026-02,14,14,100.0,4.957,1541.54
2026-02-15,2026-02-09,2026-02,11,11,100.0,3.469,1078.781
2026-02-19,2026-02-16,2026-02,11,11,100.0,3.476,1080.97
2026-02-20,2026-02-16,2026-02,22,19,86.4,5.949,1850.277
2026-02-21,2026-02-16,2026-02,24,24,100.0,7.515,2337.12
2026-02-22,2026-02-16,2026-02,19,19,100.0,6.285,1954.644
2026-02-25,2026-02-23,2026-02,8,8,100.0,2.109,656.024
2026-02-26,2026-02-23,2026-02,11,10,90.9,3.424,1064.91
2026-02-27,2026-02-23,2026-02,23,23,100.0,7.168,2229.229
2026-02-28,2026-02-23,2026-02,18,16,88.9,5.672,1764.0
2026-03-01,2026-02-23,2026-03,16,16,100.0,4.479,1393.072
2026-03-04,2026-03-02,2026-03,7,7,100.0,2.036,633.164
2026-03-05,2026-03-02,2026-03,11,10,90.9,3.236,1006.3
2026-03-06,2026-03-02,2026-03,28,28,100.0,8.607,2676.772
2026-03-07,2026-03-02,2026-03,32,32,100.0,9.626,2993.76
2026-03-08,2026-03-02,2026-03,27,25,92.6,6.348,1974.225
2026-03-11,2026-03-09,2026-03,8,8,100.0,2.28,709.152
2026-03-12,2026-03-09,2026-03,9,9,100.0,2.59,805.536
2026-03-13,2026-03-09,2026-03,27,27,100.0,8.232,2560.302
2026-03-14,2026-03-09,2026-03,13,13,100.0,3.877,1205.789
2026-03-15,2026-03-09,2026-03,17,17,100.0,4.747,1476.433
2026-03-19,2026-03-16,2026-03,17,17,100.0,5.033,1565.258
2026-03-20,2026-03-16,2026-03,19,19,100.0,6.28,1953.067
2026-03-21,2026-03-16,2026-03,27,24,88.9,7.933,2467.224
2026-03-22,2026-03-16,2026-03,24,22,91.7,7.261,2258.3
2026-03-26,2026-03-23,2026-03,5,5,100.0,1.152,358.29
2026-03-27,2026-03-23,2026-03,18,18,100.0,6.923,2153.034
2026-03-28,2026-03-23,2026-03,31,31,100.0,11.572,3599.007
2026-03-29,2026-03-23,2026-03,25,25,100.0,7.851,2441.675
2026-03-31,2026-03-30,2026-03,5,5,100.0,1.933,601.285
2026-04-01,2026-03-30,2026-04,15,15,100.0,4.713,1465.695
2026-04-02,2026-03-30,2026-04,21,21,100.0,7.304,2271.654
2026-04-03,2026-03-30,2026-04,17,17,100.0,7.032,2186.965
2026-04-04,2026-03-30,2026-04,28,28,100.0,11.031,3430.756
2026-04-05,2026-03-30,2026-04,15,15,100.0,5.052,1571.28
2026-04-08,2026-04-06,2026-04,12,12,100.0,4.456,1385.7
2026-04-09,2026-04-06,2026-04,11,11,100.0,3.313,1030.282
2026-04-10,2026-04-06,2026-04,15,15,100.0,4.639,1442.67
2026-04-11,2026-04-06,2026-04,19,19,100.0,5.744,1786.361
2026-04-12,2026-04-06,2026-04,20,19,95.0,5.2,1617.071
2026-04-14,2026-04-13,2026-04,9,9,100.0,3.279,1019.898
2026-04-15,2026-04-13,2026-04,8,8,100.0,3.095,962.512
2026-04-16,2026-04-13,2026-04,15,14,93.3,5.115,1590.848
2026-04-17,2026-04-13,2026-04,20,20,100.0,6.013,1870.18
2026-04-18,2026-04-13,2026-04,29,28,96.6,9.099,2829.932
2026-04-19,2026-04-13,2026-04,21,20,95.2,6.007,1868.3
2026-04-23,2026-04-20,2026-04,16,16,100.0,4.164,1294.976
2026-04-24,2026-04-20,2026-04,24,24,100.0,8.671,2696.736
2026-04-25,2026-04-20,2026-04,22,20,90.9,6.933,2156.2
2026-04-26,2026-04-20,2026-04,19,19,100.0,7.503,2333.504
2026-04-28,2026-04-27,2026-04,9,8,88.9,2.561,796.544
2026-04-29,2026-04-27,2026-04,12,12,100.0,3.289,1022.844
2026-04-30,2026-04-27,2026-04,21,21,100.0,7.73,2404.038
2026-05-01,2026-04-27,2026-05,34,27,79.4,9.232,2871.153
2026-05-02,2026-04-27,2026-05,32,31,96.9,11.789,3666.494
2026-05-03,2026-04-27,2026-05,25,24,96.0,6.913,2150.04
2026-05-06,2026-05-04,2026-05,15,15,100.0,4.108,1277.61
2026-05-07,2026-05-04,2026-05,10,10,100.0,3.34,1038.81
2026-05-08,2026-05-04,2026-05,29,28,96.6,8.937,2779.392
2026-05-09,2026-05-04,2026-05,32,32,100.0,11.576,3600.16
2026-05-10,2026-05-04,2026-05,32,32,100.0,10.858,3376.992
2026-05-13,2026-05-11,2026-05,11,11,100.0,2.797,870.023
2026-05-14,2026-05-11,2026-05,18,18,100.0,5.587,1737.558
2026-05-15,2026-05-11,2026-05,16,16,100.0,5.789,1800.24
2026-05-16,2026-05-11,2026-05,35,34,97.1,11.888,3697.024
2026-05-17,2026-05-11,2026-05,23,23,100.0,7.802,2426.569
2026-05-19,2026-05-18,2026-05,11,11,100.0,3.46,1076.141
2026-05-20,2026-05-18,2026-05,15,15,100.0,5.422,1686.285
2026-05-21,2026-05-18,2026-05,18,17,94.4,6.327,1967.733
2026-05-22,2026-05-18,2026-05,23,23,100.0,7.853,2442.393
2026-05-23,2026-05-18,2026-05,31,30,96.8,11.082,3446.58
2026-05-24,2026-05-18,2026-05,30,30,100.0,10.309,3206.19
2026-05-26,2026-05-25,2026-05,11,11,100.0,3.796,1180.575
2026-05-27,2026-05-25,2026-05,10,10,100.0,3.237,1006.73
2026-05-28,2026-05-25,2026-05,10,10,100.0,3.173,986.92
2026-05-29,2026-05-25,2026-05,28,28,100.0,11.958,3718.848
2026-05-30,2026-05-25,2026-05,41,41,100.0,14.834,4613.279
2026-05-31,2026-05-25,2026-05,24,22,91.7,7.282,2264.79
2026-06-02,2026-06-01,2026-06,6,6,100.0,2.141,665.736
2026-06-03,2026-06-01,2026-06,21,21,100.0,7.11,2211.153
2026-06-05,2026-06-01,2026-06,37,37,100.0,14.92,4639.985
2026-06-06,2026-06-01,2026-06,32,31,96.9,11.103,3453.09
2026-06-07,2026-06-01,2026-06,27,27,100.0,8.603,2675.565
2026-06-10,2026-06-08,2026-06,12,12,100.0,2.968,922.992
2026-06-12,2026-06-08,2026-06,34,34,100.0,11.992,3729.392
2026-06-13,2026-06-08,2026-06,32,31,96.9,10.854,3375.435
2026-06-14,2026-06-08,2026-06,22,18,81.8,5.102,1586.646
2026-06-17,2026-06-15,2026-06,8,8,100.0,2.299,715.0
2026-06-19,2026-06-15,2026-06,23,22,95.7,10.219,3178.098
2026-06-20,2026-06-15,2026-06,33,31,93.9,11.273,3505.976
2026-06-21,2026-06-15,2026-06,27,26,96.3,8.756,2723.084
2026-06-24,2026-06-22,2026-06,22,20,90.9,8.264,2570.1
2026-06-25,2026-06-22,2026-06,14,13,92.9,4.039,1255.995
2026-06-26,2026-06-22,2026-06,24,24,100.0,9.258,2879.136
2026-06-27,2026-06-22,2026-06,25,25,100.0,8.778,2730.1
2026-06-28,2026-06-22,2026-06,17,14,82.4,5.352,1664.6
2026-07-02,2026-06-29,2026-07,14,14,100.0,4.759,1480.08
2026-07-03,2026-06-29,2026-07,21,20,95.2,8.008,2490.4
2026-07-04,2026-06-29,2026-07,36,36,100.0,10.983,3415.608
2026-07-05,2026-06-29,2026-07,17,17,100.0,5.943,1848.24
2026-07-08,2026-07-06,2026-07,18,17,94.4,4.855,1509.855
2026-07-09,2026-07-06,2026-07,30,27,90.0,10.004,3111.399
2026-07-10,2026-07-06,2026-07,31,31,100.0,10.352,3219.412
2026-07-11,2026-07-06,2026-07,25,25,100.0,8.526,2651.55
2026-07-12,2026-07-06,2026-07,22,22,100.0,7.12,2214.344
2026-07-15,2026-07-13,2026-07,10,10,100.0,3.733,1160.82
2026-07-17,2026-07-13,2026-07,17,17,100.0,5.56,1729.274
2026-07-18,2026-07-13,2026-07,31,30,96.8,11.106,3453.99
2026-07-19,2026-07-13,2026-07,20,20,100.0,6.604,2053.78
2026-07-22,2026-07-20,2026-07,7,7,100.0,2.342,728.287
2026-07-23,2026-07-20,2026-07,3,3,100.0,0.852,264.951
2026-07-24,2026-07-20,2026-07,25,25,100.0,9.626,2993.575
2026-07-25,2026-07-20,2026-07,43,43,100.0,15.717,4887.939
2026-07-26,2026-07-20,2026-07,22,21,95.5,5.744,1786.344
2026-07-27,2026-07-27,2026-07,2,0,0.0,0.0,0.0
2026-07-29,2026-07-27,2026-07,14,13,92.9,4.444,1381.978
2026-07-30,2026-07-27,2026-07,16,16,100.0,5.523,1717.728
2026-07-31,2026-07-27,2026-07,16,16,100.0,4.278,1330.304
2026-08-01,2026-07-27,2026-08,36,35,97.2,14.316,4452.21
2026-08-02,2026-07-27,2026-08,30,30,100.0,10.837,3370.35
2026-08-05,2026-08-03,2026-08,11,11,100.0,3.449,1072.654
2026-08-06,2026-08-03,2026-08,19,18,94.7,5.896,1833.786
2026-08-07,2026-08-03,2026-08,43,43,100.0,16.395,5098.725
2026-08-08,2026-08-03,2026-08,25,25,100.0,10.458,3252.55
2026-08-09,2026-08-03,2026-08,31,31,100.0,10.953,3406.249
2026-08-10,2026-08-10,2026-08,13,13,100.0,4.932,1533.792
2026-08-12,2026-08-10,2026-08,13,13,100.0,5.472,1701.817
2026-08-13,2026-08-10,2026-08,11,11,100.0,4.23,1315.413
2026-08-14,2026-08-10,2026-08,27,27,100.0,10.972,3412.26
2026-08-15,2026-08-10,2026-08,24,24,100.0,10.241,3184.968
2026-08-16,2026-08-10,2026-08,25,25,100.0,8.099,2518.725
2026-08-17,2026-08-17,2026-08,5,4,80.0,1.044,324.804
2026-08-19,2026-08-17,2026-08,10,9,90.0,3.627,1128.123
2026-08-20,2026-08-17,2026-08,12,12,100.0,4.493,1397.304
2026-08-21,2026-08-17,2026-08,25,25,100.0,9.608,2988.175
2026-08-22,2026-08-17,2026-08,29,28,96.6,11.106,3453.856
2026-08-23,2026-08-17,2026-08,24,24,100.0,8.071,2509.944
2026-08-24,2026-08-24,2026-08,20,20,100.0,7.125,2215.8
2026-08-26,2026-08-24,2026-08,16,14,87.5,5.055,1572.046
2026-08-27,2026-08-24,2026-08,11,8,72.7,3.491,1085.792
2026-08-28,2026-08-24,2026-08,31,29,93.5,11.534,3587.126
2026-08-29,2026-08-24,2026-08,33,31,93.9,12.419,3862.29
2026-08-30,2026-08-24,2026-08,21,20,95.2,6.123,1904.3
2026-09-01,2026-08-31,2026-09,14,14,100.0,5.611,1744.876
2026-09-02,2026-08-31,2026-09,14,14,100.0,4.66,1449.266
2026-09-03,2026-08-31,2026-09,22,21,95.5,6.658,2070.6
2026-09-04,2026-08-31,2026-09,32,31,96.9,12.419,3862.445
2026-09-05,2026-08-31,2026-09,23,20,87.0,8.367,2602.06
2026-09-06,2026-08-31,2026-09,26,25,96.2,10.34,3215.875
2026-09-09,2026-09-07,2026-09,19,19,100.0,5.61,1744.789
2026-09-10,2026-09-07,2026-09,8,8,100.0,3.006,934.76
2026-09-11,2026-09-07,2026-09,20,19,95.0,7.123,2215.21
2026-09-12,2026-09-07,2026-09,43,39,90.7,13.687,4256.694
2026-09-13,2026-09-07,2026-09,28,26,92.9,9.587,2981.55
2026-09-15,2026-09-14,2026-09,19,19,100.0,7.262,2258.587
2026-09-16,2026-09-14,2026-09,16,1,6.2,0.113,35.035
2026-09-17,2026-09-14,2026-09,13,0,0.0,0.0,0.0
2026-09-18,2026-09-14,2026-09,30,3,10.0,1.065,331.341
2026-09-19,2026-09-14,2026-09,37,0,0.0,0.0,0.0
2026-09-20,2026-09-14,2026-09,35,7,20.0,1.588,493.934
2026-09-22,2026-09-21,2026-09,11,10,90.9,3.251,1011.19
2026-09-23,2026-09-21,2026-09,15,14,93.3,4.181,1300.236
2026-09-24,2026-09-21,2026-09,13,2,15.4,0.53,164.868
2026-09-25,2026-09-21,2026-09,32,3,9.4,0.779,242.31
2026-09-26,2026-09-21,2026-09,40,3,7.5,0.896,278.805
2026-09-27,2026-09-21,2026-09,24,0,0.0,0.0,0.0
2026-09-30,2026-09-28,2026-09,9,0,0.0,0.0,0.0
